{
  "model": "deepvk/llava-gemma-2b-lora",
  "mmbench_ru": 0.6381074168797954,
  "gqa_ru": 0.4817452521283562
}